order_id,customer,category,amount,status,order_date
ORD-72E7C644,bob_jones,beauty,26.4,placed,2024-01-06
ORD-C4F7EEF1,karen_thomas,beauty,720.12,shipped,2024-01-02
ORD-C5153BD1,frank_miller,beauty,146.11,delivered,2024-03-19
ORD-A68365D6,dave_brown,clothing,22.7,delivered,2024-03-10
ORD-A6E07E3E,frank_miller,toys,176.84,placed,2024-08-28
ORD-AAA97FC9,karen_thomas,clothing,94.24,shipped,2024-02-05
ORD-57269D67,karen_thomas,toys,648.26,delivered,2024-05-22
ORD-60DF0910,alice_smith,books,726.83,shipped,2024-04-08
ORD-9DE92F2D,karen_thomas,furniture,464.73,placed,2024-01-24
ORD-2D67E75C,maya_harris,clothing,959.01,shipped,2024-06-28
ORD-AF0A21A0,alice_smith,toys,880.91,cancelled,2024-07-03
ORD-8B62A3D0,maya_harris,kitchen,975.13,shipped,2024-01-25
ORD-B26D5836,leo_jackson,electronics,326.59,delivered,2024-10-15
ORD-1F5C65D8,jack_anderson,sports,412.94,placed,2024-03-21
ORD-72793FCA,leo_jackson,beauty,389.05,shipped,2024-06-14
ORD-AC9B15A5,frank_miller,books,582.62,delivered,2024-06-13
ORD-3465A8A5,maya_harris,beauty,362.95,placed,2024-07-17
ORD-D7F9AB11,olivia_garcia,clothing,564.26,delivered,2024-06-27
ORD-8DAF9278,carol_white,toys,877.41,shipped,2024-11-21
ORD-FBC0262F,leo_jackson,clothing,851.78,shipped,2024-06-06
ORD-31F333A3,eve_davis,kitchen,537.81,cancelled,2024-11-13
ORD-90522814,grace_wilson,electronics,959.72,delivered,2024-03-17
ORD-6F7D6DFA,leo_jackson,kitchen,958.19,delivered,2024-02-11
ORD-85F48C15,olivia_garcia,books,243.41,placed,2024-05-08
ORD-D44ECC5B,grace_wilson,kitchen,261.48,delivered,2024-09-23
ORD-C80FE714,maya_harris,sports,681.54,placed,2024-01-03
ORD-BA0D8AB4,alice_smith,kitchen,442.69,shipped,2024-08-07
ORD-F9E6D39A,maya_harris,beauty,816.43,shipped,2024-08-03
ORD-CAC699E1,maya_harris,sports,137.9,shipped,2024-06-07
ORD-4221FAEE,bob_jones,beauty,41.06,shipped,2024-10-10
ORD-89D0E013,carol_white,electronics,635.84,shipped,2024-02-14
ORD-B472F468,peter_martinez,furniture,596.24,delivered,2024-09-03
ORD-86C1590D,jack_anderson,electronics,221.74,placed,2024-03-04
ORD-DFCDB7D8,olivia_garcia,clothing,527.97,shipped,2024-12-21
ORD-AA455C89,iris_taylor,books,142.25,cancelled,2024-03-29
ORD-F806F9CA,grace_wilson,kitchen,989.18,delivered,2024-05-13
ORD-475053F3,henry_moore,kitchen,45.85,shipped,2024-03-11
ORD-9436FD64,carol_white,sports,393.61,placed,2024-04-22
ORD-23953DF1,iris_taylor,furniture,352.33,shipped,2024-06-10
ORD-E20F1D03,jack_anderson,clothing,201.31,shipped,2024-05-08
ORD-7F51E4BB,maya_harris,sports,418.83,placed,2024-06-23
ORD-A196439D,jack_anderson,sports,952.28,placed,2024-01-24
ORD-32C1FD5D,eve_davis,furniture,599.8,delivered,2024-12-18
ORD-8717DECA,peter_martinez,toys,793.18,shipped,2024-01-23
ORD-0EB5CFD8,jack_anderson,toys,322.92,delivered,2024-09-12
ORD-744553E2,henry_moore,furniture,347.02,delivered,2024-05-16
ORD-11812625,frank_miller,clothing,381.33,delivered,2024-02-24
ORD-171EF843,bob_jones,sports,362.33,delivered,2024-03-17
ORD-142BF53E,leo_jackson,furniture,543.4,placed,2024-12-15
ORD-1F6F801F,maya_harris,electronics,20.92,delivered,2024-08-13
ORD-DA0436E1,grace_wilson,furniture,834.86,shipped,2024-12-07
ORD-C17DB3D9,dave_brown,kitchen,14.87,shipped,2024-11-12
ORD-708FE660,carol_white,furniture,581.3,shipped,2024-01-31
ORD-7C641213,grace_wilson,clothing,482.86,delivered,2024-04-08
ORD-C985816A,jack_anderson,furniture,880.69,delivered,2024-05-18
ORD-24F54BAA,maya_harris,toys,502.14,shipped,2024-11-09
ORD-F3D3BF8E,grace_wilson,books,79.1,delivered,2024-09-01
ORD-1FE688F2,noah_martin,sports,561.61,cancelled,2024-03-11
ORD-F71C838E,maya_harris,toys,201.14,cancelled,2024-07-31
ORD-ECEB4839,bob_jones,books,959.53,cancelled,2024-10-30
ORD-3A167CCF,maya_harris,clothing,136.14,delivered,2024-02-19
ORD-C7586529,peter_martinez,books,558.3,delivered,2024-07-30
ORD-262CDA9C,dave_brown,furniture,739.24,delivered,2024-09-25
ORD-8BFDC157,peter_martinez,kitchen,505.36,shipped,2024-09-12
ORD-7DDA68A7,grace_wilson,electronics,13.42,delivered,2024-02-16
ORD-B614346B,maya_harris,furniture,532.03,placed,2024-07-26
ORD-C5A3258B,carol_white,clothing,67.86,delivered,2024-07-22
ORD-A660F3ED,jack_anderson,electronics,943.46,shipped,2024-10-04
ORD-67431D66,grace_wilson,kitchen,211.97,shipped,2024-01-05
ORD-1D8DF8B3,iris_taylor,toys,354.74,placed,2024-03-20
ORD-41755F42,alice_smith,kitchen,938.11,placed,2024-09-16
ORD-A3EF8107,alice_smith,electronics,961.7,shipped,2024-10-20
ORD-F421AFA4,grace_wilson,clothing,489.42,placed,2024-08-15
ORD-EACB7BA2,jack_anderson,beauty,323.25,delivered,2024-08-03
ORD-96940061,iris_taylor,toys,131.27,cancelled,2024-12-16
ORD-F2C456F9,alice_smith,books,943.88,delivered,2024-04-21
ORD-7B90D96C,grace_wilson,clothing,473.57,delivered,2024-09-27
ORD-FFF94E7B,peter_martinez,electronics,825.1,delivered,2024-06-07
ORD-5546E0F5,frank_miller,furniture,937.43,delivered,2024-07-20
ORD-895BEE15,dave_brown,kitchen,178.98,delivered,2024-06-29
ORD-CC968B17,jack_anderson,clothing,680.81,placed,2024-12-12
ORD-8BC666CF,maya_harris,electronics,290.15,delivered,2024-09-10
ORD-18759D6C,karen_thomas,clothing,637.59,placed,2024-01-13
ORD-D7821A23,olivia_garcia,toys,120.33,shipped,2024-01-24
ORD-44D5A410,carol_white,clothing,372.57,cancelled,2024-04-18
ORD-6CB8C830,frank_miller,clothing,522.01,placed,2024-01-21
ORD-5C5AA798,carol_white,electronics,732.51,delivered,2024-07-20
ORD-63A99FBE,frank_miller,furniture,806.38,shipped,2024-05-25
ORD-B7AA1C91,alice_smith,electronics,210.92,placed,2024-08-12
ORD-F69C9482,eve_davis,electronics,384.38,delivered,2024-04-05
ORD-C9C9857E,karen_thomas,books,972.36,cancelled,2024-07-11
ORD-93522932,grace_wilson,books,622.0,shipped,2024-11-17
ORD-EF611406,olivia_garcia,furniture,56.65,delivered,2024-01-22
ORD-700072C2,jack_anderson,electronics,869.7,delivered,2024-03-07
ORD-B7AA6B41,peter_martinez,sports,993.0,shipped,2024-06-23
ORD-28B7AA2E,maya_harris,furniture,261.55,placed,2024-09-22
ORD-330C3E3B,karen_thomas,furniture,735.19,delivered,2024-11-11
ORD-E45E1713,dave_brown,beauty,627.21,delivered,2024-09-30
ORD-34F263C5,jack_anderson,clothing,57.15,placed,2024-03-25
ORD-B62C154C,alice_smith,sports,440.52,cancelled,2024-05-29
ORD-92D8104E,jack_anderson,clothing,711.31,delivered,2024-07-05
ORD-6E9C5206,grace_wilson,sports,119.31,delivered,2024-12-17
ORD-E7FB3DEA,karen_thomas,beauty,658.95,placed,2024-12-17
ORD-2F94EC3F,karen_thomas,sports,887.62,shipped,2024-02-23
ORD-A8FFCCE6,frank_miller,beauty,330.38,placed,2024-12-25
ORD-33F0D7F4,olivia_garcia,kitchen,253.24,delivered,2024-09-28
ORD-484DD361,jack_anderson,electronics,172.11,shipped,2024-04-04
ORD-9AB7B90F,karen_thomas,electronics,651.42,delivered,2024-03-08
ORD-80DB5496,frank_miller,kitchen,525.77,shipped,2024-04-06
ORD-71D23A7D,carol_white,toys,469.37,delivered,2024-11-05
ORD-E3700F23,peter_martinez,clothing,983.57,shipped,2024-05-21
ORD-545782D3,carol_white,books,395.84,delivered,2024-10-27
ORD-B2F15F06,carol_white,sports,199.42,delivered,2024-03-19
ORD-7DC6D3AB,grace_wilson,kitchen,407.55,cancelled,2024-01-17
ORD-F19F78D9,bob_jones,furniture,110.99,placed,2024-09-01
ORD-1BBAA991,jack_anderson,furniture,627.33,placed,2024-04-01
ORD-7482838C,leo_jackson,beauty,521.48,shipped,2024-05-08
ORD-FF36F4C8,iris_taylor,electronics,553.64,placed,2024-11-16
ORD-3075442C,carol_white,beauty,222.45,delivered,2024-11-13
ORD-8746915F,alice_smith,books,943.56,delivered,2024-12-09
ORD-34036B0E,dave_brown,beauty,683.21,delivered,2024-03-25
ORD-59BBFF3C,grace_wilson,beauty,560.45,delivered,2024-07-05
ORD-4586E6D9,frank_miller,toys,918.04,shipped,2024-08-15
ORD-B90CC0BD,noah_martin,beauty,566.39,shipped,2024-05-10
ORD-B67458E8,olivia_garcia,beauty,875.01,delivered,2024-11-17
ORD-B12F599C,leo_jackson,books,860.78,delivered,2024-08-03
ORD-A496D5E5,carol_white,electronics,327.41,placed,2024-06-23
ORD-AE3A915E,carol_white,clothing,330.7,placed,2024-03-22
ORD-869EF7F8,carol_white,sports,762.79,placed,2024-03-29
ORD-A39A66AC,peter_martinez,clothing,988.65,delivered,2024-11-29
ORD-234E3E8F,henry_moore,kitchen,113.29,shipped,2024-09-26
ORD-E940EA2C,olivia_garcia,toys,301.54,delivered,2024-05-13
ORD-E8E1239C,iris_taylor,clothing,570.05,shipped,2024-06-20
ORD-DD472C50,bob_jones,electronics,696.5,cancelled,2024-03-14
ORD-8B5926F3,carol_white,furniture,996.32,shipped,2024-04-11
ORD-C24A228E,alice_smith,beauty,819.55,delivered,2024-06-24
ORD-E5F09784,grace_wilson,sports,474.84,delivered,2024-03-14
ORD-D9A092BD,peter_martinez,furniture,572.73,delivered,2024-04-21
ORD-B5E5148F,jack_anderson,electronics,69.43,shipped,2024-10-19
ORD-84151A34,alice_smith,kitchen,17.62,delivered,2024-11-04
ORD-B26061BA,dave_brown,electronics,444.12,cancelled,2024-09-02
ORD-7178EE52,noah_martin,kitchen,172.05,delivered,2024-03-14
ORD-A2CBD869,peter_martinez,books,415.61,shipped,2024-08-31
ORD-F5334536,eve_davis,books,909.59,placed,2024-05-31
ORD-6B72C148,henry_moore,sports,828.66,delivered,2024-02-11
ORD-766E66BF,leo_jackson,electronics,990.24,shipped,2024-06-03
ORD-4FBCB52D,carol_white,furniture,730.55,delivered,2024-06-15
ORD-1996386C,noah_martin,electronics,605.73,placed,2024-11-11
ORD-AEFDF02E,maya_harris,clothing,315.11,placed,2024-11-09
ORD-A6E6BB34,bob_jones,clothing,304.41,delivered,2024-01-13
ORD-394A260E,noah_martin,clothing,771.06,placed,2024-03-30
ORD-797C4DD9,iris_taylor,clothing,508.77,shipped,2024-09-05
ORD-CF6E9BFF,noah_martin,toys,415.35,delivered,2024-09-30
ORD-C265B838,karen_thomas,kitchen,519.78,delivered,2024-10-17
ORD-98DFF1BA,jack_anderson,toys,727.49,delivered,2024-12-11
ORD-76EC79EF,noah_martin,beauty,524.25,placed,2024-10-11
ORD-7A734F5D,olivia_garcia,kitchen,721.66,placed,2024-09-08
ORD-5839670F,eve_davis,kitchen,245.53,delivered,2024-03-20
ORD-EAB22AAD,leo_jackson,clothing,898.44,shipped,2024-10-17
ORD-83DA9FE2,iris_taylor,toys,419.09,delivered,2024-07-17
ORD-C5AB5C76,noah_martin,electronics,367.77,delivered,2024-02-05
ORD-0694DDFA,jack_anderson,beauty,455.54,shipped,2024-07-30
ORD-9CD62113,maya_harris,toys,828.38,delivered,2024-10-09
ORD-F8DB1828,karen_thomas,toys,172.71,shipped,2024-05-20
ORD-94E11D13,henry_moore,clothing,251.34,delivered,2024-12-28
ORD-0101FFD5,olivia_garcia,beauty,366.38,delivered,2024-09-11
ORD-FDF00FCA,jack_anderson,books,956.93,delivered,2024-11-09
ORD-57B111DD,maya_harris,furniture,424.12,delivered,2024-05-27
ORD-49FAB617,leo_jackson,sports,206.75,placed,2024-02-22
ORD-AFDB470C,jack_anderson,toys,917.78,shipped,2024-06-02
ORD-10103F66,carol_white,sports,567.89,delivered,2024-08-08
ORD-2E6D19C4,frank_miller,beauty,610.33,shipped,2024-12-29
ORD-158A5DCA,alice_smith,sports,16.65,delivered,2024-06-22
ORD-21B7328B,noah_martin,kitchen,391.79,shipped,2024-05-27
ORD-955EC25D,leo_jackson,toys,687.2,shipped,2024-05-24
ORD-DDB176E3,carol_white,furniture,209.34,placed,2024-11-23
ORD-2C94BF6E,jack_anderson,electronics,478.66,shipped,2024-09-14
ORD-84EF712A,grace_wilson,clothing,49.69,placed,2024-07-06
ORD-8E2B5C4A,bob_jones,clothing,692.11,placed,2024-02-02
ORD-187208C6,dave_brown,electronics,687.1,shipped,2024-08-15
ORD-46CF5B8F,alice_smith,beauty,753.69,shipped,2024-08-01
ORD-9222FDF4,maya_harris,kitchen,374.12,shipped,2024-12-20
ORD-A3EAC20C,eve_davis,electronics,663.88,delivered,2024-04-27
ORD-E7CCD50C,bob_jones,furniture,989.28,placed,2024-06-15
ORD-B182D27E,maya_harris,books,223.29,delivered,2024-01-10
ORD-99A03489,henry_moore,sports,879.8,delivered,2024-12-10
ORD-944A9E05,jack_anderson,beauty,245.25,shipped,2024-03-24
ORD-884D83D5,bob_jones,electronics,84.16,shipped,2024-08-15
ORD-FF607C2E,peter_martinez,kitchen,467.11,delivered,2024-10-05
ORD-DA7EF6D7,karen_thomas,kitchen,493.68,delivered,2024-10-18
ORD-A81B6BCC,eve_davis,electronics,551.24,placed,2024-02-08
ORD-22D375A3,dave_brown,toys,164.21,delivered,2024-10-09
ORD-1F08180F,carol_white,electronics,51.87,delivered,2024-04-23
ORD-3780692D,grace_wilson,furniture,874.66,delivered,2024-12-25
ORD-3AA28ABD,frank_miller,furniture,887.64,shipped,2024-05-02
ORD-B222B80A,eve_davis,beauty,229.53,placed,2024-01-07
ORD-EAF657AA,karen_thomas,sports,653.56,delivered,2024-01-31
ORD-018FD625,leo_jackson,clothing,814.92,shipped,2024-09-05
ORD-710DE898,alice_smith,kitchen,682.97,delivered,2024-02-04
ORD-364A1E0A,karen_thomas,clothing,996.54,placed,2024-11-21
ORD-3EF31AE0,frank_miller,kitchen,451.84,shipped,2024-06-01
ORD-A7674738,iris_taylor,electronics,507.47,delivered,2024-06-19
ORD-0E4273C3,noah_martin,toys,243.34,shipped,2024-09-05
ORD-66DA9215,leo_jackson,clothing,279.94,shipped,2024-10-31
ORD-515FA4FA,karen_thomas,electronics,899.69,delivered,2024-12-02
ORD-A2E3C05A,leo_jackson,books,242.67,cancelled,2024-07-30
ORD-B68F9FE8,maya_harris,furniture,316.05,delivered,2024-11-03
ORD-9C444B86,bob_jones,kitchen,966.69,placed,2024-12-17
ORD-6DF937E3,henry_moore,furniture,318.8,placed,2024-02-08
ORD-1FDF1845,eve_davis,books,216.49,delivered,2024-10-17
ORD-F4A645BF,alice_smith,electronics,805.03,delivered,2024-04-23
ORD-ED407063,eve_davis,sports,802.32,delivered,2024-06-11
ORD-06FC9C14,leo_jackson,toys,519.18,placed,2024-05-09
ORD-4E8A4013,grace_wilson,furniture,611.51,delivered,2024-08-06
ORD-25619BC8,karen_thomas,sports,764.48,placed,2024-01-24
ORD-6EDA0B14,frank_miller,sports,461.17,delivered,2024-04-20
ORD-51D25FD0,dave_brown,sports,548.38,shipped,2024-11-23
ORD-C71C0876,grace_wilson,toys,678.19,delivered,2024-06-25
ORD-F5D956B0,peter_martinez,kitchen,111.18,placed,2024-02-09
ORD-9BA20AE3,noah_martin,electronics,487.37,delivered,2024-07-24
ORD-41941CF7,carol_white,electronics,833.52,shipped,2024-11-09
ORD-B5D0EB87,carol_white,electronics,932.7,delivered,2024-07-22
ORD-FF9C12BB,alice_smith,furniture,956.82,cancelled,2024-09-23
ORD-DBBA2C8B,eve_davis,kitchen,609.8,shipped,2024-08-28
ORD-E24D19C6,grace_wilson,sports,155.97,delivered,2024-07-31
ORD-9A024BE3,henry_moore,kitchen,200.54,delivered,2024-12-30
ORD-B9F4F49A,karen_thomas,beauty,878.39,shipped,2024-11-10
ORD-0295F47A,grace_wilson,toys,363.04,shipped,2024-10-03
ORD-80B349D2,carol_white,sports,120.32,cancelled,2024-06-27
ORD-618D9CFB,dave_brown,kitchen,751.09,shipped,2024-03-06
ORD-22808335,dave_brown,toys,493.98,shipped,2024-09-29
ORD-72E4F524,jack_anderson,sports,624.1,placed,2024-11-02
ORD-53B3E2F7,jack_anderson,electronics,967.92,delivered,2024-06-24
ORD-FAAD356D,peter_martinez,furniture,235.48,delivered,2024-10-02
ORD-1F0C8E40,henry_moore,clothing,742.49,delivered,2024-04-15
ORD-AA9B90F5,jack_anderson,sports,282.0,shipped,2024-12-10
ORD-79E264F7,henry_moore,beauty,862.7,placed,2024-03-30
ORD-EFA5F71A,bob_jones,kitchen,151.01,delivered,2024-02-09
ORD-E73EFB12,iris_taylor,books,491.5,shipped,2024-09-25
ORD-C5A7DBE0,jack_anderson,kitchen,661.07,delivered,2024-01-17
ORD-735E4360,grace_wilson,sports,61.3,cancelled,2024-11-06
ORD-9C141A15,henry_moore,beauty,227.34,placed,2024-04-30
ORD-CEF87A74,karen_thomas,furniture,752.99,cancelled,2024-05-22
ORD-61FEB51E,iris_taylor,electronics,823.6,shipped,2024-01-09
ORD-896CB624,peter_martinez,kitchen,794.57,delivered,2024-04-20
ORD-01C989F9,peter_martinez,electronics,661.22,shipped,2024-07-18
ORD-4E4C8336,carol_white,sports,135.69,placed,2024-01-09
ORD-4D55C3AA,peter_martinez,beauty,374.25,delivered,2024-10-16
ORD-E3C04D2E,eve_davis,books,582.87,delivered,2024-07-02
ORD-E2FCDBCB,noah_martin,furniture,180.17,delivered,2024-10-30
ORD-E7BFCAF6,bob_jones,furniture,885.74,delivered,2024-05-05
ORD-4AB32301,grace_wilson,toys,672.73,delivered,2024-03-20
ORD-3D422CA0,henry_moore,electronics,536.71,shipped,2024-04-24
ORD-535D1D20,henry_moore,kitchen,211.91,shipped,2024-06-06
ORD-BD9E5382,leo_jackson,toys,906.52,shipped,2024-04-01
ORD-1DED0CB4,henry_moore,clothing,442.31,delivered,2024-02-17
ORD-0B74945C,carol_white,sports,937.1,delivered,2024-08-26
ORD-A3217282,olivia_garcia,books,696.69,delivered,2024-12-31
ORD-60DA4179,maya_harris,books,705.15,placed,2024-11-01
ORD-322AA2D1,jack_anderson,clothing,748.6,delivered,2024-01-30
ORD-0103B850,karen_thomas,toys,860.23,shipped,2024-02-27
ORD-31A1F3D0,grace_wilson,toys,246.55,placed,2024-04-08
ORD-9ADE178B,henry_moore,electronics,791.09,shipped,2024-07-10
ORD-A1D4EA7A,henry_moore,kitchen,213.44,placed,2024-06-23
ORD-264DFF36,eve_davis,sports,445.57,delivered,2024-07-13
ORD-B3C43EB3,henry_moore,kitchen,796.14,delivered,2024-06-01
ORD-70BF0CC7,frank_miller,kitchen,39.48,shipped,2024-06-06
ORD-B166F592,henry_moore,toys,118.98,shipped,2024-12-22
ORD-BE1A5DEC,leo_jackson,toys,661.89,delivered,2024-07-12
ORD-41886E0C,peter_martinez,furniture,94.85,delivered,2024-05-03
ORD-231FDC60,carol_white,books,423.26,delivered,2024-12-27
ORD-5ADDAC55,jack_anderson,clothing,869.5,placed,2024-03-20
ORD-FFB7EFC7,grace_wilson,furniture,132.41,delivered,2024-10-27
ORD-8C748BEC,henry_moore,furniture,425.03,delivered,2024-09-07
ORD-092F4662,leo_jackson,furniture,303.32,cancelled,2024-02-20
ORD-B2F8E89A,alice_smith,toys,103.65,delivered,2024-08-05
ORD-F120D38D,carol_white,sports,774.51,shipped,2024-06-19
ORD-83096AB1,jack_anderson,kitchen,448.63,delivered,2024-07-08
ORD-19F8F502,dave_brown,furniture,52.15,shipped,2024-10-15
ORD-8B96CEC4,peter_martinez,furniture,389.28,shipped,2024-01-20
ORD-D8D4DE05,frank_miller,kitchen,899.57,shipped,2024-09-14
ORD-7D0DA939,eve_davis,books,769.73,delivered,2024-02-26
ORD-D30E99C9,noah_martin,clothing,563.0,placed,2024-07-25
ORD-28B811DC,leo_jackson,sports,771.6,placed,2024-03-22
ORD-9C5A5EB5,olivia_garcia,books,457.71,delivered,2024-02-29
ORD-5AF797D1,peter_martinez,electronics,329.56,placed,2024-03-17
ORD-94B388C3,iris_taylor,beauty,718.94,delivered,2024-12-16
ORD-7E403F2F,maya_harris,clothing,884.8,placed,2024-12-14
ORD-6E5FD31B,karen_thomas,toys,528.98,cancelled,2024-01-16
ORD-13887760,dave_brown,clothing,342.93,shipped,2024-12-11
ORD-2629CBD9,leo_jackson,furniture,333.34,shipped,2024-11-27
ORD-1A677CB7,dave_brown,furniture,319.62,placed,2024-02-24
ORD-B5173BF5,peter_martinez,clothing,292.89,placed,2024-03-08
ORD-74E031E5,frank_miller,toys,678.24,shipped,2024-02-19
ORD-E6D8BE30,carol_white,sports,907.52,shipped,2024-01-09
ORD-A104830C,noah_martin,beauty,790.85,delivered,2024-10-15
ORD-5E5B02F9,iris_taylor,toys,430.57,delivered,2024-12-25
ORD-EB172770,iris_taylor,clothing,151.16,shipped,2024-06-29
ORD-A8111447,olivia_garcia,beauty,202.19,cancelled,2024-08-24
ORD-F3DFDB78,maya_harris,furniture,207.8,placed,2024-08-13
ORD-995F2539,iris_taylor,books,140.05,delivered,2024-08-06
ORD-1BAA836E,grace_wilson,clothing,783.11,shipped,2024-03-17
ORD-612D973A,olivia_garcia,books,585.09,delivered,2024-08-05
ORD-57D67421,iris_taylor,electronics,102.97,shipped,2024-09-16
ORD-577027EB,grace_wilson,sports,386.9,delivered,2024-12-06
ORD-E3AEF6A1,karen_thomas,clothing,317.42,placed,2024-12-23
ORD-81CA167F,noah_martin,toys,418.92,shipped,2024-07-13
ORD-EE4C65C9,bob_jones,kitchen,497.21,shipped,2024-07-23
ORD-33716624,frank_miller,furniture,221.76,shipped,2024-04-04
ORD-E271EDE1,peter_martinez,kitchen,255.36,placed,2024-01-15
ORD-4C1312BE,olivia_garcia,beauty,495.63,delivered,2024-01-15
ORD-DE19987F,dave_brown,toys,202.63,delivered,2024-07-07
ORD-2E91606D,noah_martin,toys,305.22,delivered,2024-07-22
ORD-3674C0F3,frank_miller,clothing,532.57,delivered,2024-11-18
ORD-C2292F40,eve_davis,clothing,709.31,placed,2024-08-10
ORD-4CDEA04B,carol_white,toys,779.6,placed,2024-12-27
ORD-67CB6C16,bob_jones,beauty,467.97,shipped,2024-09-20
ORD-E10FDBE7,noah_martin,beauty,340.28,shipped,2024-09-04
ORD-420879B3,grace_wilson,clothing,241.07,shipped,2024-04-21
ORD-1698403A,henry_moore,furniture,288.79,delivered,2024-07-10
ORD-7B66B7DC,alice_smith,furniture,226.54,shipped,2024-08-18
ORD-E1D1B4EB,henry_moore,kitchen,815.09,delivered,2024-11-28
ORD-1AD1E625,leo_jackson,sports,91.75,shipped,2024-04-14
ORD-4620185F,maya_harris,sports,68.17,delivered,2024-07-08
ORD-84E8173E,alice_smith,furniture,946.47,delivered,2024-04-09
ORD-96044474,jack_anderson,furniture,722.84,placed,2024-11-19
ORD-F6431615,carol_white,beauty,230.42,shipped,2024-12-23
ORD-EFBD63C8,iris_taylor,beauty,705.44,placed,2024-10-04
ORD-71B6D9B2,frank_miller,furniture,238.62,placed,2024-02-09
ORD-568159CC,maya_harris,beauty,370.87,delivered,2024-01-16
ORD-977CCD39,grace_wilson,electronics,843.44,delivered,2024-02-09
ORD-458976D6,iris_taylor,sports,388.67,delivered,2024-11-17
ORD-54DE96D4,noah_martin,clothing,892.42,placed,2024-05-03
ORD-F4CEC9D3,noah_martin,kitchen,990.71,placed,2024-12-19
ORD-44602DDC,maya_harris,furniture,417.12,shipped,2024-08-28
ORD-01C339BA,henry_moore,clothing,120.77,shipped,2024-03-17
ORD-40F63CF6,bob_jones,clothing,829.11,delivered,2024-09-14
ORD-BFD9E5BA,olivia_garcia,sports,820.83,shipped,2024-10-25
ORD-BF14AEAF,leo_jackson,furniture,944.75,shipped,2024-01-08
ORD-53909893,dave_brown,toys,716.3,cancelled,2024-06-02
ORD-BFA0735F,eve_davis,electronics,547.0,delivered,2024-09-07
ORD-7757BA68,grace_wilson,kitchen,974.63,shipped,2024-08-13
ORD-B172621E,peter_martinez,beauty,96.97,placed,2024-09-25
ORD-C28C1DA1,carol_white,toys,458.54,shipped,2024-04-18
ORD-A08D126E,maya_harris,toys,789.03,shipped,2024-05-22
ORD-7FCBCAD6,noah_martin,electronics,605.29,delivered,2024-08-12
ORD-AE75068E,grace_wilson,beauty,880.08,shipped,2024-04-13
ORD-94447E6E,henry_moore,clothing,423.42,delivered,2024-06-06
ORD-4675459F,grace_wilson,books,211.67,delivered,2024-03-06
ORD-D4939E7D,frank_miller,sports,201.46,shipped,2024-07-12
ORD-3B71A0A0,jack_anderson,books,603.29,shipped,2024-01-02
ORD-0BF084D9,henry_moore,electronics,74.09,delivered,2024-10-26
ORD-3DB0E97A,peter_martinez,clothing,239.05,placed,2024-11-08
ORD-D885349D,iris_taylor,sports,353.05,delivered,2024-05-06
ORD-A27ADA3F,noah_martin,clothing,325.62,shipped,2024-09-30
ORD-44DA1105,grace_wilson,kitchen,659.71,placed,2024-12-23
ORD-82128529,grace_wilson,clothing,601.0,delivered,2024-04-14
ORD-43C3337D,eve_davis,toys,595.33,delivered,2024-03-29
ORD-030E8A5C,jack_anderson,toys,602.8,cancelled,2024-01-22
ORD-79B48D6F,bob_jones,books,191.4,delivered,2024-11-28
ORD-35E78F10,iris_taylor,furniture,663.43,delivered,2024-05-06
ORD-F1012AB5,olivia_garcia,beauty,677.93,shipped,2024-12-01
ORD-4A91AEEE,carol_white,kitchen,431.55,placed,2024-03-17
ORD-7D77563C,maya_harris,electronics,870.7,shipped,2024-02-13
ORD-8B3E02C9,grace_wilson,sports,623.57,delivered,2024-01-22
ORD-7C0F7303,dave_brown,beauty,132.09,placed,2024-09-26
ORD-19A1FFB4,noah_martin,toys,487.83,cancelled,2024-07-30
ORD-B663A473,noah_martin,clothing,317.7,delivered,2024-12-04
ORD-0A3D89D0,grace_wilson,toys,299.19,shipped,2024-09-07
ORD-05F9ADA4,henry_moore,furniture,549.22,placed,2024-03-26
ORD-01F026E7,bob_jones,sports,698.93,placed,2024-06-29
ORD-6A805C70,iris_taylor,toys,755.2,shipped,2024-06-01
ORD-E682E526,bob_jones,clothing,426.8,delivered,2024-03-11
ORD-3018D572,alice_smith,clothing,596.6,placed,2024-07-16
ORD-CB888BC1,peter_martinez,kitchen,494.23,delivered,2024-07-11
ORD-C5896F4C,alice_smith,toys,748.88,shipped,2024-07-11
ORD-C158CDE9,bob_jones,kitchen,412.78,shipped,2024-12-23
ORD-B0713A7D,olivia_garcia,furniture,946.85,shipped,2024-11-17
ORD-A69DFFCA,iris_taylor,sports,80.05,delivered,2024-11-19
ORD-4EC9EE7F,olivia_garcia,furniture,511.72,delivered,2024-01-07
ORD-640904EF,henry_moore,electronics,907.12,cancelled,2024-03-15
ORD-7045CB20,peter_martinez,toys,88.46,placed,2024-05-06
ORD-C117C503,olivia_garcia,kitchen,338.56,cancelled,2024-06-16
ORD-CB39DC7F,peter_martinez,books,590.85,delivered,2024-10-02
ORD-CDAFAD9B,henry_moore,sports,911.31,delivered,2024-07-09
ORD-228DDDC7,peter_martinez,beauty,656.7,cancelled,2024-09-17
ORD-FD088AFD,peter_martinez,kitchen,672.89,shipped,2024-01-23
ORD-E2F0DB6D,peter_martinez,books,192.65,delivered,2024-09-11
ORD-A3406082,alice_smith,clothing,463.96,delivered,2024-12-17
ORD-6176ED5B,bob_jones,sports,787.32,delivered,2024-09-14
ORD-066FBAA6,noah_martin,books,550.37,shipped,2024-12-27
ORD-4443B031,henry_moore,clothing,812.2,delivered,2024-08-10
ORD-AD5864D0,grace_wilson,clothing,920.47,placed,2024-07-21
ORD-C45DAF86,olivia_garcia,books,259.95,delivered,2024-08-15
ORD-36934204,alice_smith,kitchen,746.02,placed,2024-05-07
ORD-B2B7FD37,karen_thomas,clothing,845.46,placed,2024-06-15
ORD-3B15B7B1,jack_anderson,kitchen,992.97,shipped,2024-09-30
ORD-688A8CAC,bob_jones,sports,232.18,placed,2024-11-13
ORD-906A19D0,henry_moore,kitchen,495.04,cancelled,2024-08-20
ORD-E967DBE0,leo_jackson,clothing,864.96,shipped,2024-08-01
ORD-DAC8D351,peter_martinez,toys,379.88,delivered,2024-12-02
ORD-B20D5052,olivia_garcia,sports,547.16,delivered,2024-07-21
ORD-5C040111,bob_jones,beauty,320.21,delivered,2024-01-23
ORD-A85857FC,leo_jackson,electronics,39.88,placed,2024-03-19
ORD-FEE6532B,carol_white,sports,256.83,delivered,2024-07-15
ORD-EFDA743A,karen_thomas,furniture,18.57,delivered,2024-12-16
ORD-E7096740,karen_thomas,kitchen,342.23,delivered,2024-07-28
ORD-EEBBD550,eve_davis,clothing,54.02,delivered,2024-07-31
ORD-3B6BCEA6,jack_anderson,sports,781.61,shipped,2024-10-27
ORD-54A51D2B,eve_davis,furniture,941.36,shipped,2024-12-09
ORD-8D704B59,leo_jackson,kitchen,658.85,delivered,2024-05-30
ORD-E72B91AB,leo_jackson,clothing,718.36,shipped,2024-08-15
ORD-54BB0A77,alice_smith,books,232.91,placed,2024-09-20
ORD-4C8448FB,grace_wilson,electronics,525.7,delivered,2024-09-06
ORD-A407194A,karen_thomas,toys,678.28,delivered,2024-09-29
ORD-F2D56E77,maya_harris,toys,736.7,delivered,2024-03-10
ORD-66F06EEC,maya_harris,sports,298.12,shipped,2024-06-05
ORD-955A83BC,grace_wilson,clothing,605.37,shipped,2024-05-12
ORD-F3BEFA28,bob_jones,sports,146.65,placed,2024-05-05
ORD-54260CE6,dave_brown,toys,246.15,delivered,2024-12-07
ORD-C27B5D26,alice_smith,clothing,837.0,shipped,2024-07-01
ORD-E2F1FD2D,jack_anderson,furniture,931.06,delivered,2024-10-27
ORD-37722CB3,dave_brown,furniture,513.83,shipped,2024-11-25
ORD-171C0065,maya_harris,kitchen,285.8,shipped,2024-03-16
ORD-427D8174,karen_thomas,books,804.68,shipped,2024-05-13
ORD-A9A74B63,olivia_garcia,toys,90.24,delivered,2024-03-20
ORD-0F380A49,jack_anderson,clothing,782.67,shipped,2024-02-05
ORD-C786C7AC,jack_anderson,kitchen,835.27,cancelled,2024-11-06
ORD-E6A8A6AA,eve_davis,electronics,721.61,cancelled,2024-04-19
ORD-F56D3C1B,alice_smith,electronics,224.34,delivered,2024-01-07
ORD-6031148A,alice_smith,clothing,150.63,placed,2024-08-03
ORD-0816243F,bob_jones,toys,108.74,delivered,2024-01-18
ORD-90E37B0D,leo_jackson,kitchen,767.92,delivered,2024-12-15
ORD-DFEBB13C,grace_wilson,furniture,434.38,delivered,2024-05-27
ORD-81485FF3,eve_davis,furniture,150.22,delivered,2024-06-04
ORD-7E9FAE82,henry_moore,clothing,306.06,delivered,2024-01-04
ORD-A47269F1,grace_wilson,sports,603.49,delivered,2024-01-11
ORD-8FFEFBAB,carol_white,electronics,707.75,delivered,2024-07-29
ORD-E421E6CF,alice_smith,furniture,909.96,delivered,2024-04-28
ORD-20203ED9,olivia_garcia,toys,877.09,delivered,2024-12-15
ORD-A365B0D9,peter_martinez,kitchen,779.39,placed,2024-03-05
ORD-04D294F0,bob_jones,kitchen,93.97,cancelled,2024-02-21
ORD-28EF75E7,alice_smith,furniture,188.41,placed,2024-02-12
ORD-C32169D5,maya_harris,kitchen,663.57,delivered,2024-05-05
ORD-3A98C52B,dave_brown,sports,749.27,cancelled,2024-08-21
ORD-E4B7AC19,bob_jones,furniture,707.71,delivered,2024-10-07
ORD-EC192EC9,maya_harris,sports,747.87,cancelled,2024-05-08
ORD-B4D387CA,grace_wilson,electronics,691.26,placed,2024-09-06
ORD-D63671F3,olivia_garcia,furniture,736.19,delivered,2024-01-24
ORD-866F0BBC,peter_martinez,clothing,603.75,placed,2024-07-16
ORD-2AA9F35C,maya_harris,books,101.48,cancelled,2024-06-22
ORD-4E5258F7,peter_martinez,books,579.47,placed,2024-04-10
ORD-2445CD39,frank_miller,clothing,346.26,placed,2024-11-21
ORD-082C4F38,leo_jackson,kitchen,942.08,delivered,2024-10-31
ORD-FA4F489C,karen_thomas,clothing,282.84,delivered,2024-07-30
ORD-6B26B4A6,olivia_garcia,clothing,316.87,placed,2024-07-02
ORD-63FE3133,dave_brown,books,14.4,delivered,2024-05-28
ORD-D68C8453,carol_white,kitchen,695.15,shipped,2024-10-17
ORD-C066E04B,henry_moore,kitchen,400.95,shipped,2024-08-15
ORD-F471258B,olivia_garcia,sports,169.99,delivered,2024-08-21
ORD-7A325E14,bob_jones,kitchen,146.95,delivered,2024-11-08
ORD-A98D107C,karen_thomas,electronics,688.72,delivered,2024-10-01
ORD-B23E7BA4,dave_brown,beauty,179.64,shipped,2024-07-26
ORD-1A3C5905,iris_taylor,electronics,775.75,shipped,2024-07-14
ORD-F2EAA3BA,maya_harris,furniture,638.29,shipped,2024-04-30
ORD-D6B35A73,maya_harris,electronics,934.62,delivered,2024-12-14
ORD-2B12DFD5,olivia_garcia,kitchen,408.67,shipped,2024-11-29
ORD-27794E2A,leo_jackson,toys,224.59,delivered,2024-10-26
ORD-1785E035,dave_brown,electronics,417.35,cancelled,2024-10-04
ORD-C46ADF90,frank_miller,furniture,699.1,delivered,2024-05-22
ORD-2C0A1501,alice_smith,furniture,799.06,cancelled,2024-11-16
ORD-93ADE639,frank_miller,sports,70.93,delivered,2024-08-13
ORD-1F8B2019,noah_martin,electronics,391.54,delivered,2024-01-10
ORD-102F468D,peter_martinez,furniture,369.23,placed,2024-12-01
ORD-2186A9BB,bob_jones,electronics,674.82,delivered,2024-06-18
ORD-33787759,maya_harris,clothing,300.55,cancelled,2024-06-03
ORD-9ACD8FC5,bob_jones,toys,799.36,placed,2024-10-21
ORD-D2345672,olivia_garcia,clothing,669.36,shipped,2024-02-03
ORD-FCBE9BF2,carol_white,sports,753.88,shipped,2024-09-15
ORD-26C7C895,peter_martinez,electronics,592.56,delivered,2024-12-31
ORD-D54E0DB1,alice_smith,toys,284.55,shipped,2024-08-23
ORD-3FF9B1CD,leo_jackson,kitchen,237.41,shipped,2024-06-08
ORD-2CBDE451,dave_brown,kitchen,745.39,delivered,2024-05-16
ORD-57F7C812,grace_wilson,furniture,974.29,shipped,2024-08-21
ORD-13A770BB,eve_davis,books,282.01,delivered,2024-07-02
ORD-A20F04D4,bob_jones,beauty,947.41,delivered,2024-08-19
ORD-23BA89C3,dave_brown,electronics,553.91,shipped,2024-06-20
ORD-16317DA1,carol_white,sports,305.1,shipped,2024-04-14
ORD-2597CC29,noah_martin,toys,350.88,placed,2024-02-18
ORD-55B30F87,peter_martinez,kitchen,323.41,delivered,2024-06-19
ORD-8CACDB33,iris_taylor,clothing,408.73,cancelled,2024-11-10
ORD-474D2F01,grace_wilson,toys,965.54,placed,2024-04-07
ORD-77715A31,alice_smith,kitchen,312.83,shipped,2024-06-12
ORD-00A25DF9,maya_harris,kitchen,781.02,shipped,2024-08-10
ORD-8CCEF23A,jack_anderson,clothing,59.47,shipped,2024-06-06
ORD-C6C39092,peter_martinez,furniture,686.74,shipped,2024-06-28
ORD-3F962B4D,alice_smith,clothing,251.52,shipped,2024-09-19
ORD-21B97F51,carol_white,beauty,825.41,delivered,2024-08-23
ORD-C02D8308,karen_thomas,clothing,182.31,shipped,2024-01-02
ORD-3F1AC6C9,jack_anderson,electronics,771.5,shipped,2024-05-02
ORD-E0309250,noah_martin,clothing,34.58,cancelled,2024-06-30
ORD-01A98F2C,olivia_garcia,sports,861.06,delivered,2024-04-20
ORD-14B4C1C1,leo_jackson,sports,900.4,shipped,2024-08-29
ORD-B2656D1C,grace_wilson,toys,398.31,shipped,2024-07-19
ORD-FDE6F41B,peter_martinez,electronics,928.76,placed,2024-08-08
ORD-81568286,eve_davis,furniture,943.06,shipped,2024-04-06
ORD-5BC79DCB,alice_smith,electronics,307.18,shipped,2024-07-13
ORD-40368D00,iris_taylor,books,661.29,shipped,2024-04-29
ORD-ABC27798,eve_davis,toys,184.77,shipped,2024-02-16
ORD-1F5E76BD,grace_wilson,kitchen,709.8,delivered,2024-02-19
ORD-F4C7D4A5,olivia_garcia,toys,129.44,delivered,2024-03-25
ORD-531C3061,henry_moore,toys,651.15,delivered,2024-05-03
ORD-B175CE1B,bob_jones,electronics,627.58,placed,2024-12-08
ORD-CCCF9B92,bob_jones,toys,480.89,delivered,2024-05-09
ORD-D104379F,dave_brown,beauty,328.51,delivered,2024-05-01
ORD-B78C52B8,frank_miller,toys,398.71,delivered,2024-08-03
ORD-1FCCE0F0,alice_smith,furniture,548.38,delivered,2024-05-27
ORD-930A1C51,henry_moore,beauty,92.29,placed,2024-10-26
ORD-C8A82453,alice_smith,furniture,250.78,delivered,2024-04-28
ORD-0444C3CC,grace_wilson,beauty,66.27,delivered,2024-02-26
ORD-BBF7F759,karen_thomas,kitchen,106.56,delivered,2024-07-14
ORD-2C354594,jack_anderson,electronics,26.8,shipped,2024-09-08
ORD-1A6E84EC,olivia_garcia,toys,568.63,delivered,2024-05-01
ORD-D495CFDB,frank_miller,furniture,505.39,placed,2024-10-01
ORD-30AF44C5,karen_thomas,sports,968.54,delivered,2024-04-02
ORD-34FE34D6,jack_anderson,furniture,533.64,placed,2024-11-30
ORD-FE661608,dave_brown,electronics,97.17,delivered,2024-05-20
ORD-C8F5CC88,iris_taylor,beauty,526.63,delivered,2024-01-22
ORD-BD702E0C,carol_white,electronics,687.28,placed,2024-03-29
ORD-3CD8C9FD,olivia_garcia,clothing,103.97,delivered,2024-10-26
ORD-835132F8,dave_brown,toys,327.2,placed,2024-07-30
ORD-F70ECCAC,karen_thomas,furniture,320.06,shipped,2024-06-20
ORD-E7E16716,eve_davis,furniture,112.11,delivered,2024-07-24
ORD-71F771BC,olivia_garcia,beauty,184.73,placed,2024-03-11
ORD-435A47F5,bob_jones,furniture,697.82,shipped,2024-05-02
ORD-DB69D3FB,iris_taylor,sports,817.82,delivered,2024-01-15
ORD-998ED308,frank_miller,furniture,62.38,delivered,2024-05-28
ORD-A9074EC3,iris_taylor,sports,729.98,delivered,2024-11-17
ORD-B8A2EDD2,karen_thomas,sports,299.45,placed,2024-02-13
ORD-50DE7AC6,olivia_garcia,toys,732.62,delivered,2024-03-21
ORD-809EEC90,bob_jones,toys,800.63,delivered,2024-05-02
ORD-4CD368F9,leo_jackson,electronics,548.34,placed,2024-03-24
ORD-775A9F05,olivia_garcia,clothing,978.91,shipped,2024-11-30
ORD-43DD2946,karen_thomas,sports,451.43,delivered,2024-06-26
ORD-BF794AFD,bob_jones,clothing,571.42,shipped,2024-01-01
ORD-8AE45B03,grace_wilson,kitchen,449.75,delivered,2024-12-13
ORD-4B0F3EA2,dave_brown,kitchen,846.9,delivered,2024-10-31
ORD-97F6E700,olivia_garcia,sports,445.22,delivered,2024-05-26
ORD-DC7EA5FA,dave_brown,electronics,286.76,delivered,2024-02-05
ORD-187EF254,iris_taylor,books,373.29,delivered,2024-01-01
ORD-CA59BB97,henry_moore,clothing,883.37,delivered,2024-02-01
ORD-4E9A6E2A,maya_harris,furniture,848.38,shipped,2024-11-19
ORD-E04AA4D6,maya_harris,clothing,234.78,delivered,2024-01-18
ORD-DF422BB5,carol_white,electronics,473.98,shipped,2024-06-22
ORD-2BF91BC3,dave_brown,beauty,417.03,delivered,2024-11-26
ORD-FC8403FC,karen_thomas,sports,855.51,shipped,2024-04-26
ORD-E9B316AC,alice_smith,furniture,547.1,cancelled,2024-09-15
ORD-E5C097B7,karen_thomas,electronics,415.57,delivered,2024-03-21
ORD-42BCFB6C,olivia_garcia,toys,695.13,placed,2024-09-28
ORD-7C647E04,jack_anderson,kitchen,13.1,cancelled,2024-02-10
ORD-636064ED,alice_smith,books,91.61,delivered,2024-03-25
ORD-627B126A,eve_davis,furniture,457.18,cancelled,2024-05-03
ORD-49828ECD,peter_martinez,sports,886.86,delivered,2024-10-10
ORD-85719FE5,jack_anderson,toys,71.07,shipped,2024-09-19
ORD-07636AB0,olivia_garcia,beauty,632.9,shipped,2024-10-03
ORD-0E689B77,alice_smith,furniture,547.79,shipped,2024-08-28
ORD-09ED3B5C,eve_davis,books,976.2,placed,2024-05-26
ORD-38578141,alice_smith,sports,799.25,delivered,2024-12-01
ORD-DB208962,frank_miller,books,553.06,delivered,2024-12-11
ORD-DEA1AFBB,olivia_garcia,beauty,318.23,placed,2024-11-13
ORD-4CC29CAA,carol_white,sports,486.3,delivered,2024-12-21
ORD-B35A673C,dave_brown,electronics,287.38,shipped,2024-09-22
ORD-1750C42B,iris_taylor,electronics,843.38,shipped,2024-09-27
ORD-B917B49B,jack_anderson,beauty,243.26,delivered,2024-04-04
ORD-425FECC0,henry_moore,electronics,690.39,placed,2024-12-20
ORD-320A702C,maya_harris,furniture,16.57,shipped,2024-12-23
ORD-96CB74D5,karen_thomas,kitchen,228.78,delivered,2024-09-08
ORD-0F308833,grace_wilson,electronics,584.93,delivered,2024-01-30
ORD-69781642,noah_martin,sports,433.57,delivered,2024-03-10
ORD-31A74149,karen_thomas,books,866.62,shipped,2024-02-11
ORD-CBC99526,karen_thomas,beauty,874.33,shipped,2024-09-24
ORD-204FFAC0,carol_white,clothing,885.95,shipped,2024-10-10
ORD-11E0F0E3,eve_davis,toys,174.07,placed,2024-10-26
ORD-C8D570ED,alice_smith,clothing,122.57,shipped,2024-10-14
ORD-34B84C4B,eve_davis,books,624.62,placed,2024-08-05
ORD-7BAD40A4,henry_moore,toys,642.8,shipped,2024-09-05
ORD-643D1027,frank_miller,kitchen,494.58,shipped,2024-11-21
ORD-A6B0A747,jack_anderson,books,974.58,delivered,2024-03-08
ORD-E917161E,eve_davis,books,174.12,delivered,2024-08-19
ORD-319F674A,karen_thomas,furniture,303.0,delivered,2024-04-30
ORD-D6B7E232,maya_harris,sports,999.62,placed,2024-12-26
ORD-039F04E1,dave_brown,beauty,265.62,delivered,2024-03-29
ORD-2A27084F,frank_miller,toys,921.72,delivered,2024-09-26
ORD-F9E11A7C,maya_harris,kitchen,369.67,shipped,2024-01-08
ORD-2ADBE6B4,henry_moore,furniture,354.69,placed,2024-12-19
ORD-7C967B89,peter_martinez,beauty,547.03,shipped,2024-10-03
ORD-14DDE430,bob_jones,books,927.33,delivered,2024-07-27
ORD-E897F259,peter_martinez,clothing,801.48,shipped,2024-11-13
ORD-41EB71EC,carol_white,clothing,970.36,delivered,2024-07-19
ORD-5A121476,dave_brown,clothing,341.43,delivered,2024-08-14
ORD-612EFF20,grace_wilson,kitchen,957.56,placed,2024-03-21
ORD-4B3583A0,noah_martin,books,153.69,shipped,2024-05-15
ORD-A674ACAB,frank_miller,beauty,11.0,delivered,2024-10-02
ORD-88691DAB,henry_moore,toys,376.56,cancelled,2024-05-25
ORD-7DE68E34,bob_jones,toys,314.4,placed,2024-01-20
ORD-2F163E61,alice_smith,electronics,639.64,delivered,2024-02-04
ORD-172F432B,maya_harris,books,212.08,shipped,2024-01-07
ORD-9BA0137C,eve_davis,sports,869.55,placed,2024-07-22
ORD-5D7849D1,dave_brown,beauty,453.66,delivered,2024-09-13
ORD-0885EE7D,noah_martin,electronics,925.0,placed,2024-10-30
ORD-FCBE9948,jack_anderson,furniture,45.37,delivered,2024-07-10
ORD-B085FBCD,dave_brown,books,575.86,placed,2024-08-11
ORD-90C79CFC,leo_jackson,kitchen,356.18,delivered,2024-09-23
ORD-A78A81D4,noah_martin,electronics,778.85,delivered,2024-01-21
ORD-5322CE23,henry_moore,toys,605.42,shipped,2024-01-31
ORD-62AF3D5F,eve_davis,electronics,91.38,delivered,2024-07-28
ORD-B32A86A0,henry_moore,books,181.87,shipped,2024-07-30
ORD-73369427,jack_anderson,kitchen,974.75,delivered,2024-10-07
ORD-87D50F6A,eve_davis,furniture,722.09,delivered,2024-11-06
ORD-B4869E4D,henry_moore,beauty,287.7,cancelled,2024-04-10
ORD-AD391E89,jack_anderson,beauty,864.84,delivered,2024-02-20
ORD-C8533F90,alice_smith,furniture,706.41,delivered,2024-01-25
ORD-7783BA84,noah_martin,electronics,716.81,shipped,2024-11-03
ORD-A6D4323E,noah_martin,kitchen,984.88,placed,2024-01-15
ORD-276BD1D8,leo_jackson,sports,902.3,delivered,2024-11-01
ORD-61750678,jack_anderson,books,49.39,shipped,2024-02-01
ORD-C9FB37F5,karen_thomas,sports,54.02,delivered,2024-11-24
ORD-C975C082,maya_harris,books,855.23,delivered,2024-02-29
ORD-D8515FD1,eve_davis,clothing,332.01,shipped,2024-08-04
ORD-7754BD69,grace_wilson,electronics,586.42,shipped,2024-11-11
ORD-81376C0C,bob_jones,kitchen,237.78,placed,2024-11-24
ORD-35C4CF81,olivia_garcia,toys,233.26,delivered,2024-10-02
ORD-FE1F54C7,henry_moore,books,763.31,shipped,2024-02-09
ORD-646E877F,bob_jones,furniture,609.85,shipped,2024-01-23
ORD-D129447C,carol_white,electronics,152.04,shipped,2024-01-26
ORD-9FFA691F,grace_wilson,toys,452.12,delivered,2024-10-19
ORD-6AF856ED,henry_moore,furniture,542.77,placed,2024-03-17
ORD-2EB8D945,grace_wilson,beauty,357.94,shipped,2024-01-19
ORD-C29A555F,iris_taylor,sports,12.0,delivered,2024-08-01
ORD-B4DECBAD,frank_miller,kitchen,338.6,delivered,2024-12-09
ORD-7E8FD2D1,maya_harris,clothing,361.7,shipped,2024-09-08
ORD-25F35224,maya_harris,sports,19.35,shipped,2024-01-23
ORD-435004AF,dave_brown,clothing,452.29,delivered,2024-05-08
ORD-708DD7FB,iris_taylor,electronics,73.39,delivered,2024-01-11
ORD-4534DD65,eve_davis,clothing,26.76,delivered,2024-03-20
ORD-9D392643,noah_martin,furniture,684.6,shipped,2024-07-24
ORD-DF1538BA,karen_thomas,kitchen,923.12,delivered,2024-01-31
ORD-2302B080,grace_wilson,beauty,803.53,placed,2024-05-16
ORD-DB9A473A,frank_miller,beauty,813.52,delivered,2024-01-10
ORD-D0223562,dave_brown,beauty,594.13,placed,2024-06-23
ORD-2939A76D,carol_white,kitchen,208.54,delivered,2024-05-01
ORD-EF0E87F5,leo_jackson,clothing,391.77,shipped,2024-01-20
ORD-6042F10E,karen_thomas,books,994.23,shipped,2024-01-18
ORD-0C3EF73A,carol_white,books,920.83,shipped,2024-01-04
ORD-94B47B8E,henry_moore,kitchen,586.32,delivered,2024-05-01
ORD-CFA22E19,bob_jones,sports,342.5,shipped,2024-07-20
ORD-31E8521F,jack_anderson,electronics,954.28,shipped,2024-10-16
ORD-FC8B3120,jack_anderson,sports,588.42,placed,2024-10-22
ORD-E4D8454F,noah_martin,furniture,256.58,shipped,2024-06-21
ORD-5C2DC382,grace_wilson,beauty,799.92,placed,2024-06-06
ORD-C572B7DA,grace_wilson,kitchen,178.04,shipped,2024-08-08
ORD-27A7C5ED,iris_taylor,beauty,380.81,delivered,2024-08-04
ORD-6CFCBBF7,olivia_garcia,toys,653.07,delivered,2024-10-15
ORD-5B4795B6,dave_brown,beauty,939.11,delivered,2024-03-29
ORD-4966F4EA,carol_white,books,605.51,placed,2024-04-08
ORD-F0662E9C,frank_miller,electronics,527.05,delivered,2024-11-13
ORD-B04225DE,alice_smith,beauty,125.18,shipped,2024-08-13
ORD-3DD109CC,karen_thomas,books,807.12,delivered,2024-01-16
ORD-7046D6F5,iris_taylor,clothing,675.15,shipped,2024-08-03
ORD-BDA345E8,alice_smith,electronics,846.46,shipped,2024-07-25
ORD-C3DDA830,peter_martinez,beauty,288.95,delivered,2024-06-26
ORD-5A881F30,jack_anderson,kitchen,78.56,delivered,2024-08-08
ORD-1AFAA18F,frank_miller,clothing,224.68,delivered,2024-08-08
ORD-1E065A11,karen_thomas,sports,42.66,delivered,2024-07-03
ORD-4F8DA161,peter_martinez,furniture,112.63,placed,2024-01-06
ORD-DADA34B4,karen_thomas,furniture,626.2,delivered,2024-02-10
ORD-F246F932,carol_white,electronics,345.52,delivered,2024-05-30
ORD-3AC9B6AA,iris_taylor,books,673.65,shipped,2024-12-31
ORD-80AAD398,peter_martinez,beauty,837.07,shipped,2024-01-25
ORD-C37EC922,leo_jackson,furniture,817.88,delivered,2024-02-17
ORD-BCD0850A,henry_moore,toys,474.11,cancelled,2024-02-06
ORD-953E706A,maya_harris,books,436.32,shipped,2024-10-16
ORD-C8C575B0,maya_harris,toys,818.55,shipped,2024-07-10
ORD-AA36290D,karen_thomas,books,530.0,delivered,2024-09-09
ORD-8253F2AA,carol_white,electronics,557.89,shipped,2024-06-18
ORD-7BFB3B44,olivia_garcia,furniture,598.79,cancelled,2024-04-24
ORD-FDDCA389,dave_brown,books,522.63,delivered,2024-06-10
ORD-64EF3932,grace_wilson,electronics,557.92,shipped,2024-06-25
ORD-54063F84,noah_martin,books,494.49,delivered,2024-12-27
ORD-BC634EF1,bob_jones,clothing,324.32,shipped,2024-04-23
ORD-59397C0D,alice_smith,electronics,838.86,shipped,2024-09-20
ORD-2EF91123,eve_davis,clothing,734.83,shipped,2024-06-15
ORD-F7936543,leo_jackson,clothing,373.25,delivered,2024-12-01
ORD-AD62FD34,leo_jackson,kitchen,370.76,placed,2024-12-04
ORD-6783BB9E,peter_martinez,toys,116.88,placed,2024-07-25
ORD-82590A0B,iris_taylor,books,689.93,placed,2024-01-28
ORD-AEB4CA7C,peter_martinez,books,558.95,cancelled,2024-09-05
ORD-BD18AE48,karen_thomas,furniture,288.76,placed,2024-04-24
ORD-C8896623,karen_thomas,toys,326.94,placed,2024-08-18
ORD-A6DBE5BD,dave_brown,sports,718.43,delivered,2024-06-04
ORD-37DCE8AE,olivia_garcia,toys,560.45,delivered,2024-08-24
ORD-7DF3DB16,iris_taylor,kitchen,510.13,delivered,2024-02-12
ORD-31DD02FF,dave_brown,toys,469.55,delivered,2024-04-27
ORD-80FFA7EB,peter_martinez,books,36.8,shipped,2024-07-28
ORD-6A4CDA62,frank_miller,furniture,26.89,shipped,2024-02-13
ORD-C92C40A0,grace_wilson,furniture,730.51,delivered,2024-07-22
ORD-E227C4CC,carol_white,beauty,728.07,shipped,2024-09-25
ORD-6ECA6B95,iris_taylor,furniture,546.12,shipped,2024-06-24
ORD-89A0DECC,peter_martinez,clothing,71.55,delivered,2024-10-28
ORD-0BC8A7E2,noah_martin,electronics,788.44,delivered,2024-11-14
ORD-297962F1,jack_anderson,sports,253.87,delivered,2024-03-14
ORD-612D8A5C,eve_davis,kitchen,564.42,placed,2024-01-08
ORD-A4FBC2CC,grace_wilson,beauty,770.73,delivered,2024-11-23
ORD-2E702040,karen_thomas,kitchen,168.67,placed,2024-03-12
ORD-0E84B25D,olivia_garcia,toys,683.03,delivered,2024-08-11
ORD-E32C8DF2,olivia_garcia,electronics,402.08,placed,2024-10-29
ORD-6D5D4F61,carol_white,clothing,418.09,placed,2024-08-10
ORD-FAC28323,karen_thomas,kitchen,624.75,delivered,2024-03-12
ORD-26D3CEE1,frank_miller,kitchen,768.8,shipped,2024-02-20
ORD-4810FDCD,jack_anderson,electronics,307.27,delivered,2024-11-21
ORD-2C2D02C4,carol_white,toys,486.69,delivered,2024-08-16
ORD-914D9629,olivia_garcia,clothing,926.16,delivered,2024-08-24
ORD-484592C7,leo_jackson,toys,968.76,delivered,2024-04-25
ORD-41D82C54,grace_wilson,beauty,111.64,delivered,2024-05-18
ORD-E9F9E928,eve_davis,sports,737.11,placed,2024-11-15
ORD-8A4F3458,peter_martinez,electronics,234.03,placed,2024-02-28
ORD-49280ED7,iris_taylor,furniture,564.05,delivered,2024-10-19
ORD-C286E3BE,carol_white,beauty,321.72,delivered,2024-09-19
ORD-FBEA4242,leo_jackson,furniture,261.61,delivered,2024-02-13
ORD-09E68026,peter_martinez,kitchen,577.97,delivered,2024-11-10
ORD-F89BE882,frank_miller,beauty,125.23,delivered,2024-01-28
ORD-69A1F40F,leo_jackson,clothing,119.4,shipped,2024-09-23
ORD-A4BBB601,leo_jackson,clothing,89.93,delivered,2024-10-26
ORD-15E274C7,leo_jackson,beauty,561.17,placed,2024-03-12
ORD-F304EEF9,eve_davis,sports,536.36,shipped,2024-07-17
ORD-5EBCB5EE,henry_moore,clothing,650.87,shipped,2024-06-21
ORD-DD66343A,leo_jackson,electronics,346.75,shipped,2024-04-18
ORD-F9241FD6,jack_anderson,sports,827.91,placed,2024-06-01
ORD-50991443,jack_anderson,furniture,185.73,placed,2024-05-12
ORD-0CBBE540,alice_smith,kitchen,384.15,placed,2024-12-30
ORD-652831E6,noah_martin,electronics,152.32,delivered,2024-01-06
ORD-027D4343,bob_jones,books,41.28,delivered,2024-01-15
ORD-B604FE50,frank_miller,sports,727.26,delivered,2024-08-13
ORD-8CB5F53C,jack_anderson,books,371.59,shipped,2024-01-16
ORD-CBE29B1A,frank_miller,clothing,476.42,delivered,2024-05-01
ORD-E1E67B6E,iris_taylor,clothing,538.96,delivered,2024-03-19
ORD-3F33A21D,frank_miller,electronics,551.84,delivered,2024-02-22
ORD-69D0E296,henry_moore,kitchen,738.98,shipped,2024-12-27
ORD-9E3EEC53,olivia_garcia,kitchen,106.92,shipped,2024-09-17
ORD-A0D645A3,peter_martinez,sports,290.06,cancelled,2024-11-11
ORD-7929D044,maya_harris,sports,43.96,delivered,2024-04-01
ORD-18DA3F9E,maya_harris,electronics,114.26,delivered,2024-12-27
ORD-F0FBD9D0,henry_moore,toys,608.67,delivered,2024-03-02
ORD-0EE2B7CD,carol_white,books,105.89,shipped,2024-12-31
ORD-B5666615,frank_miller,kitchen,118.55,delivered,2024-07-12
ORD-718B7053,peter_martinez,furniture,939.67,placed,2024-12-22
ORD-63B1F2CD,leo_jackson,furniture,596.23,delivered,2024-11-29
ORD-73E53344,olivia_garcia,clothing,320.95,delivered,2024-07-03
ORD-14E8916D,bob_jones,beauty,990.76,shipped,2024-02-15
ORD-FD0D9854,henry_moore,toys,365.7,shipped,2024-06-07
ORD-36B39639,jack_anderson,toys,825.64,placed,2024-11-08
ORD-FA3E308F,karen_thomas,kitchen,109.11,delivered,2024-03-28
ORD-F6D98883,karen_thomas,books,86.57,delivered,2024-01-24
ORD-8ACD92DD,jack_anderson,kitchen,391.78,shipped,2024-03-25
ORD-F468D458,frank_miller,beauty,804.73,shipped,2024-08-30
ORD-53A57F1F,leo_jackson,beauty,698.4,shipped,2024-03-12
ORD-2E6D7B6B,dave_brown,beauty,471.56,delivered,2024-02-09
ORD-FECE8C8C,karen_thomas,books,583.85,shipped,2024-04-16
ORD-7D71F367,carol_white,sports,782.25,placed,2024-08-01
ORD-8263A760,iris_taylor,electronics,158.88,shipped,2024-11-10
ORD-F4E01510,carol_white,clothing,864.26,cancelled,2024-02-19
ORD-1EC3DD27,grace_wilson,books,651.32,delivered,2024-04-20
ORD-CE2FAC89,iris_taylor,books,823.92,shipped,2024-10-31
ORD-E786B6D6,karen_thomas,beauty,621.14,delivered,2024-12-15
ORD-0D4E5C1C,eve_davis,furniture,866.25,delivered,2024-09-03
ORD-2655C9DC,alice_smith,sports,628.41,delivered,2024-01-11
ORD-B28D5C7F,iris_taylor,beauty,758.02,placed,2024-03-06
ORD-B675262B,jack_anderson,sports,465.29,shipped,2024-01-19
ORD-10C34BC9,karen_thomas,clothing,273.59,delivered,2024-02-01
ORD-A8581370,carol_white,furniture,573.93,shipped,2024-07-09
ORD-D166D9CE,grace_wilson,sports,935.02,placed,2024-08-24
ORD-82B7A641,bob_jones,clothing,441.9,shipped,2024-11-01
ORD-2E04F3CF,bob_jones,sports,255.8,placed,2024-05-22
ORD-7ABAFC75,leo_jackson,clothing,358.51,delivered,2024-11-29
ORD-E2059D87,eve_davis,clothing,848.82,delivered,2024-04-08
ORD-8E686328,maya_harris,beauty,866.49,shipped,2024-02-23
ORD-EC7B7445,frank_miller,electronics,301.72,delivered,2024-01-25
ORD-453CE9DF,iris_taylor,electronics,230.49,delivered,2024-11-03
ORD-80786599,carol_white,toys,70.95,delivered,2024-09-23
ORD-F4520104,alice_smith,furniture,703.45,cancelled,2024-02-18
ORD-9D1F99E8,alice_smith,books,60.56,shipped,2024-03-23
ORD-2B2A1A17,noah_martin,books,996.87,delivered,2024-09-26
ORD-43270F69,jack_anderson,furniture,118.42,shipped,2024-11-18
ORD-C997F6F2,bob_jones,clothing,696.07,delivered,2024-03-12
ORD-639F1E34,carol_white,beauty,627.73,placed,2024-07-10
ORD-C7F640A7,grace_wilson,furniture,268.48,delivered,2024-05-31
ORD-68B3C1B1,maya_harris,clothing,923.33,placed,2024-05-06
ORD-8E7A49D2,henry_moore,furniture,503.95,shipped,2024-10-10
ORD-F8D54EB1,frank_miller,sports,880.18,placed,2024-01-15
ORD-B4EC0A66,karen_thomas,kitchen,198.06,cancelled,2024-11-09
ORD-934B2FFF,carol_white,sports,284.02,delivered,2024-11-08
ORD-032A3504,peter_martinez,sports,995.87,shipped,2024-12-16
ORD-9C46C04B,eve_davis,sports,485.09,delivered,2024-06-25
ORD-FC465779,maya_harris,clothing,131.59,delivered,2024-02-06
ORD-8987D098,maya_harris,beauty,989.06,delivered,2024-09-21
ORD-DE6AA2A7,jack_anderson,sports,733.1,shipped,2024-07-22
ORD-C17A1F7A,alice_smith,beauty,495.08,delivered,2024-02-04
ORD-06CCC4DC,alice_smith,toys,397.03,placed,2024-03-03
ORD-7AFDEA8E,olivia_garcia,furniture,660.36,placed,2024-01-08
ORD-1BA95D19,bob_jones,clothing,793.32,placed,2024-08-21
ORD-0BA42BBB,leo_jackson,clothing,529.57,delivered,2024-10-22
ORD-2453350F,karen_thomas,electronics,552.75,shipped,2024-05-28
ORD-184D0F81,eve_davis,toys,719.23,delivered,2024-02-28
ORD-BA29C3C3,alice_smith,beauty,391.19,placed,2024-07-11
ORD-E2991CFB,henry_moore,furniture,160.85,cancelled,2024-06-19
ORD-F7175DBE,peter_martinez,electronics,867.09,delivered,2024-08-04
ORD-9CF026ED,noah_martin,sports,835.95,placed,2024-12-01
ORD-D74ED732,frank_miller,toys,484.83,delivered,2024-04-28
ORD-277EE8B3,alice_smith,furniture,299.93,delivered,2024-07-11
ORD-36DA4CD3,leo_jackson,electronics,70.02,cancelled,2024-10-05
ORD-49E1EA00,olivia_garcia,electronics,579.07,shipped,2024-02-20
ORD-C03BE4EC,leo_jackson,toys,612.69,placed,2024-11-03
ORD-F2141793,grace_wilson,beauty,44.06,placed,2024-08-08
ORD-24D5B091,eve_davis,beauty,614.28,shipped,2024-12-28
ORD-B4D553E3,jack_anderson,clothing,127.52,delivered,2024-04-13
ORD-9F1E2522,grace_wilson,furniture,666.91,shipped,2024-08-18
ORD-7F37E326,maya_harris,toys,297.14,shipped,2024-05-13
ORD-5DA1F60E,alice_smith,kitchen,40.87,delivered,2024-09-08
ORD-A48499FB,frank_miller,toys,185.36,shipped,2024-11-15
ORD-F42FCCE5,henry_moore,beauty,52.31,delivered,2024-09-26
ORD-07C44D6C,alice_smith,furniture,918.81,delivered,2024-05-20
ORD-3D87346C,olivia_garcia,books,847.32,delivered,2024-10-21
ORD-338B07C2,maya_harris,electronics,723.97,cancelled,2024-11-28
ORD-A6695C3B,eve_davis,beauty,705.28,delivered,2024-05-26
ORD-E085AABA,noah_martin,toys,50.75,shipped,2024-08-15
ORD-58623ABC,olivia_garcia,kitchen,762.55,shipped,2024-05-17
ORD-DAF88C74,noah_martin,furniture,26.46,shipped,2024-12-16
ORD-A4B88AFC,noah_martin,beauty,683.88,placed,2024-11-05
ORD-2953A6C0,grace_wilson,books,200.1,shipped,2024-09-25
ORD-9E60389A,noah_martin,toys,246.7,delivered,2024-01-23
ORD-62FB97FF,olivia_garcia,sports,193.09,delivered,2024-08-19
ORD-269921F9,karen_thomas,furniture,47.91,shipped,2024-05-30
ORD-366BC4BB,jack_anderson,furniture,536.55,delivered,2024-10-12
ORD-52A5B334,frank_miller,clothing,149.06,shipped,2024-02-04
ORD-9A453023,carol_white,toys,847.11,delivered,2024-04-02
ORD-F40F75C0,bob_jones,sports,744.04,placed,2024-07-19
ORD-682C1C3B,frank_miller,furniture,973.24,delivered,2024-04-25
ORD-046B4CB6,carol_white,toys,316.57,placed,2024-03-30
ORD-04B2DB77,carol_white,beauty,927.54,shipped,2024-05-26
ORD-52E30D95,karen_thomas,beauty,544.53,delivered,2024-11-01
ORD-A9CAC68E,noah_martin,furniture,200.22,shipped,2024-04-17
ORD-A01DC97B,iris_taylor,toys,345.74,shipped,2024-07-02
ORD-3CEDCA02,alice_smith,electronics,733.82,delivered,2024-04-29
ORD-6953FD8B,leo_jackson,electronics,393.7,shipped,2024-06-08
ORD-8F2581F5,carol_white,toys,43.9,delivered,2024-08-04
ORD-EE07A3F5,eve_davis,clothing,941.39,shipped,2024-08-22
ORD-0DBFF8EB,jack_anderson,toys,193.79,delivered,2024-10-05
ORD-DB72D11F,leo_jackson,clothing,221.82,shipped,2024-04-09
ORD-20C9C233,iris_taylor,books,877.5,delivered,2024-07-27
ORD-FE000B9A,frank_miller,sports,602.65,delivered,2024-04-15
ORD-5330867C,karen_thomas,furniture,228.4,delivered,2024-11-11
ORD-5A42D55F,karen_thomas,sports,808.8,delivered,2024-03-23
ORD-523D5245,karen_thomas,clothing,509.27,delivered,2024-12-22
ORD-354C1620,dave_brown,kitchen,723.47,delivered,2024-05-09
ORD-67138063,karen_thomas,clothing,736.97,delivered,2024-06-27
ORD-845BBA29,olivia_garcia,clothing,339.98,delivered,2024-12-13
ORD-04CC2A70,eve_davis,clothing,34.44,placed,2024-12-22
ORD-EEA5D9C8,maya_harris,kitchen,80.49,shipped,2024-03-10
ORD-CDC63E5B,frank_miller,books,282.31,cancelled,2024-03-12
ORD-ABDCA3DC,karen_thomas,clothing,729.12,placed,2024-12-01
ORD-67423CD3,maya_harris,beauty,692.76,placed,2024-07-07
ORD-44C54937,noah_martin,electronics,578.67,delivered,2024-05-19
ORD-46F110F3,leo_jackson,books,975.67,delivered,2024-09-23
ORD-95CB542F,jack_anderson,kitchen,778.49,delivered,2024-12-07
ORD-869C8AF1,olivia_garcia,electronics,733.5,delivered,2024-07-09
ORD-1F590532,frank_miller,toys,465.21,delivered,2024-01-03
ORD-582CB8C0,henry_moore,beauty,339.9,delivered,2024-03-22
ORD-8570ACCE,noah_martin,beauty,371.87,shipped,2024-09-18
ORD-243CB896,noah_martin,sports,597.07,delivered,2024-02-17
ORD-D7FF3783,henry_moore,beauty,188.09,shipped,2024-07-26
ORD-43E6D233,jack_anderson,kitchen,227.82,delivered,2024-08-09
ORD-E7DA0F3E,henry_moore,furniture,546.65,delivered,2024-05-25
ORD-6EFF902A,alice_smith,sports,688.29,delivered,2024-01-28
ORD-8DDB825F,leo_jackson,furniture,195.34,delivered,2024-08-19
ORD-F5E32C89,eve_davis,electronics,364.26,delivered,2024-05-05
ORD-B85EA0EC,noah_martin,beauty,419.75,shipped,2024-09-28
ORD-941212FE,iris_taylor,furniture,287.99,shipped,2024-11-27
ORD-3311DE50,bob_jones,toys,504.09,delivered,2024-09-12
ORD-98DD219E,olivia_garcia,beauty,726.68,delivered,2024-10-29
ORD-BBB601DF,alice_smith,sports,768.75,placed,2024-10-13
ORD-18F81739,maya_harris,beauty,425.43,delivered,2024-07-25
ORD-62A06ABC,dave_brown,clothing,26.93,placed,2024-12-02
ORD-E45FD6FA,carol_white,toys,643.13,shipped,2024-02-18
ORD-AEA4F787,maya_harris,furniture,777.19,shipped,2024-08-03
ORD-ADDD4551,olivia_garcia,sports,864.94,delivered,2024-01-13
ORD-9E7AD9DE,henry_moore,electronics,533.02,placed,2024-11-26
ORD-0489FFC2,bob_jones,beauty,588.86,placed,2024-06-05
ORD-F797E030,peter_martinez,books,903.56,placed,2024-07-05
ORD-F7F3E979,eve_davis,kitchen,582.7,cancelled,2024-12-09
ORD-C5541B57,dave_brown,toys,781.52,shipped,2024-03-04
ORD-77861019,leo_jackson,books,983.99,cancelled,2024-03-16
ORD-0ECE932A,henry_moore,furniture,755.79,placed,2024-09-04
ORD-629666B3,alice_smith,toys,391.03,placed,2024-07-20
ORD-8EF9371C,maya_harris,books,35.24,shipped,2024-07-10
ORD-DA2EB3F0,olivia_garcia,clothing,121.11,delivered,2024-06-29
ORD-DCE25745,jack_anderson,sports,352.37,shipped,2024-07-30
ORD-DA6E3CF3,frank_miller,sports,22.25,placed,2024-07-23
ORD-908EE165,henry_moore,electronics,592.26,delivered,2024-09-30
ORD-A304B9D5,olivia_garcia,furniture,567.34,delivered,2024-06-14
ORD-28A711BF,frank_miller,electronics,750.59,placed,2024-11-25
ORD-4BE7E3EE,frank_miller,furniture,523.31,delivered,2024-02-03
ORD-8C9122BD,peter_martinez,toys,17.4,delivered,2024-05-28
ORD-9C6E2FBA,noah_martin,electronics,790.25,delivered,2024-11-11
ORD-976B0675,henry_moore,sports,474.93,delivered,2024-09-12
ORD-D13122D5,alice_smith,kitchen,581.59,delivered,2024-08-04
ORD-780A8937,bob_jones,electronics,384.24,shipped,2024-03-08
ORD-9ECC0CEC,eve_davis,sports,849.81,shipped,2024-02-18
ORD-0F85EAD3,grace_wilson,kitchen,572.51,delivered,2024-07-16
ORD-FBDD0742,alice_smith,furniture,892.67,cancelled,2024-02-14
ORD-F49FC0AC,peter_martinez,kitchen,566.49,delivered,2024-09-02
ORD-9E38E303,eve_davis,furniture,98.97,shipped,2024-05-20
ORD-D36AF872,jack_anderson,beauty,862.14,delivered,2024-10-14
ORD-BE7420FD,bob_jones,sports,385.47,shipped,2024-01-05
ORD-CC7AFAE9,leo_jackson,furniture,779.14,shipped,2024-09-05
ORD-4726340B,iris_taylor,beauty,833.01,shipped,2024-07-07
ORD-A70D2D6C,maya_harris,toys,178.5,delivered,2024-12-15
ORD-A1C6DC12,karen_thomas,books,303.2,placed,2024-09-28
ORD-6E099B55,iris_taylor,clothing,423.88,shipped,2024-12-11
ORD-E03A5F17,karen_thomas,clothing,908.41,delivered,2024-12-03
ORD-773AA020,olivia_garcia,beauty,429.23,placed,2024-04-23
ORD-07C921C6,carol_white,toys,646.34,cancelled,2024-06-19
ORD-6427808A,maya_harris,toys,942.62,placed,2024-06-11
ORD-D8E84959,noah_martin,furniture,865.19,placed,2024-10-07
ORD-52A84198,alice_smith,beauty,587.81,delivered,2024-08-26
ORD-BB8938E3,grace_wilson,kitchen,630.5,delivered,2024-09-12
ORD-739A382E,noah_martin,books,71.09,delivered,2024-11-26
ORD-9EB5B863,peter_martinez,sports,800.26,placed,2024-07-14
ORD-45BBE55E,carol_white,furniture,440.59,shipped,2024-07-12
ORD-63E6537E,carol_white,toys,823.16,delivered,2024-09-30
ORD-6C420448,maya_harris,toys,298.37,shipped,2024-08-30
ORD-EDC6935A,maya_harris,toys,506.43,shipped,2024-05-17
ORD-CF5827BE,frank_miller,sports,287.47,placed,2024-10-07
ORD-40BD064A,karen_thomas,kitchen,184.67,shipped,2024-09-15
ORD-12544B9E,karen_thomas,kitchen,415.48,placed,2024-12-20
ORD-66A61F7E,peter_martinez,sports,418.7,placed,2024-02-09
ORD-03104FB1,noah_martin,books,258.87,delivered,2024-09-12
ORD-2F7EBD55,dave_brown,sports,218.01,delivered,2024-03-03
ORD-022856B5,noah_martin,beauty,952.14,shipped,2024-12-01
ORD-4745344F,henry_moore,toys,871.89,shipped,2024-11-22
ORD-0CF188E7,maya_harris,clothing,911.91,cancelled,2024-04-18
ORD-8EAB7B6C,carol_white,books,946.73,placed,2024-07-23
ORD-D93F50F2,grace_wilson,kitchen,751.1,shipped,2024-02-27
ORD-D7DD3BBF,maya_harris,kitchen,500.51,delivered,2024-06-03
ORD-001639B9,iris_taylor,clothing,475.3,shipped,2024-08-14
ORD-BDC3A77E,jack_anderson,sports,845.47,placed,2024-11-04
ORD-B83A5C75,carol_white,books,175.86,placed,2024-07-24
ORD-BBD1289B,olivia_garcia,beauty,283.76,delivered,2024-08-01
ORD-A07A8BE4,carol_white,beauty,750.18,placed,2024-11-02
ORD-2E5BA3F3,leo_jackson,kitchen,673.14,shipped,2024-06-22
ORD-7595B710,dave_brown,electronics,481.33,delivered,2024-08-10
ORD-1556D62B,peter_martinez,electronics,869.34,shipped,2024-05-02
ORD-E4689682,jack_anderson,beauty,327.51,delivered,2024-01-03
ORD-17BA01DA,leo_jackson,toys,271.55,delivered,2024-01-07
ORD-F7EC351C,leo_jackson,furniture,707.42,shipped,2024-07-31
ORD-641EE256,olivia_garcia,books,893.38,shipped,2024-11-13
ORD-D2A37213,olivia_garcia,sports,962.59,delivered,2024-05-09
ORD-7EB253D4,karen_thomas,clothing,324.71,shipped,2024-01-30
ORD-CA60997F,bob_jones,kitchen,845.4,placed,2024-08-07
ORD-D49626AF,henry_moore,electronics,26.6,delivered,2024-02-17
ORD-755D4359,noah_martin,toys,601.85,placed,2024-11-08
ORD-6DAB8C7A,carol_white,kitchen,501.13,delivered,2024-11-20
ORD-D4C83B12,peter_martinez,clothing,380.65,placed,2024-12-23
ORD-7F5AC22C,iris_taylor,books,357.13,placed,2024-11-25
ORD-5880BBF5,olivia_garcia,furniture,378.49,shipped,2024-09-28
ORD-FF262451,bob_jones,toys,344.85,placed,2024-03-22
ORD-8342B39B,olivia_garcia,sports,850.05,shipped,2024-10-13
ORD-037E6E1E,noah_martin,furniture,444.96,delivered,2024-06-07
ORD-C1D9C5ED,iris_taylor,clothing,531.24,delivered,2024-07-17
ORD-1D76B2D9,peter_martinez,beauty,881.46,shipped,2024-03-25
ORD-0115FAB8,iris_taylor,toys,25.42,placed,2024-11-10
ORD-E546C556,olivia_garcia,furniture,33.68,delivered,2024-10-01
ORD-EB9BE0CE,frank_miller,beauty,294.04,delivered,2024-02-28
ORD-958BC529,henry_moore,kitchen,826.56,delivered,2024-04-14
ORD-F11B08B4,frank_miller,books,30.06,shipped,2024-07-03
ORD-DAB22CFA,iris_taylor,furniture,929.42,delivered,2024-09-06
ORD-919010B0,carol_white,toys,224.17,placed,2024-11-23
ORD-21665221,grace_wilson,electronics,504.42,delivered,2024-01-23
ORD-72CFB73A,alice_smith,toys,716.82,shipped,2024-05-27
ORD-0993D436,noah_martin,beauty,71.96,placed,2024-12-09
ORD-B3DAD103,bob_jones,beauty,392.22,delivered,2024-06-12
ORD-506FF08F,henry_moore,clothing,932.2,placed,2024-12-29
ORD-AFA58771,iris_taylor,electronics,22.83,shipped,2024-11-23
ORD-B94D1DA2,olivia_garcia,toys,738.56,shipped,2024-03-10
ORD-E59200A9,maya_harris,kitchen,939.91,cancelled,2024-12-21
ORD-DFA00E47,noah_martin,books,135.43,delivered,2024-04-02
ORD-AF4CD2A5,carol_white,electronics,994.72,delivered,2024-06-07
ORD-6333D9F0,maya_harris,furniture,610.1,placed,2024-08-09
ORD-D980D68D,carol_white,toys,500.29,delivered,2024-06-30
ORD-843AA207,grace_wilson,sports,727.18,shipped,2024-11-19
ORD-A66FEFB1,olivia_garcia,toys,456.49,delivered,2024-04-29
